produit,short_url
Acetate D'Ammonium,https://tinyurl.com/y3rcxp4h
Acide Chlorhydrique 32%,https://tinyurl.com/y525l3um
Acide Citrique,https://tinyurl.com/yxkb9o4k
Acide Ethanoique 80%,https://tinyurl.com/yy8ugooh
Acide Ethanoique 99.8%,https://tinyurl.com/yy8ugooh
Acide Lactique,https://tinyurl.com/y39ymfsa
Acide Nitrique,https://tinyurl.com/y3qqxe7c
Acide Oxalique,https://tinyurl.com/y2a84wlb
Acide Phtalique,https://tinyurl.com/yxwa2pul
Acide Succinique,https://tinyurl.com/y3txd77t
Acide Sulfurique,https://tinyurl.com/yyd2zc37
Agar-Agar,https://tinyurl.com/y6jltco9
Agarose,https://tinyurl.com/yxcg3txs
Albumine Oeuf,https://tinyurl.com/yxo6gof3
Aluminium Carbure,https://tinyurl.com/y2e87fqg
Alun De Potassium,https://tinyurl.com/yy4kujkq
Amidon De Pomme De Terre,https://tinyurl.com/yy4kujkq
Ammoniaque,https://tinyurl.com/yy7sxw6e
Ammonium Chlorure,https://tinyurl.com/yy2jgpyo
Ammonium Molybdate,https://tinyurl.com/y4a4y5p7
Ammonium Nitrate,https://tinyurl.com/y49s6cvu
Ammonium Oxalate,https://tinyurl.com/y5qwgotk
Ammonium Oxalate Monohydrate,https://tinyurl.com/yyu6794v
Ammonium Sulfate,https://tinyurl.com/yy352ghc
Amylase,https://tinyurl.com/y27pflku
Aniline,https://tinyurl.com/y5a57sej
Argent Nitrate,https://tinyurl.com/y6lfmzfn
Auxine,https://tinyurl.com/y6ghwpk4
Baryum Chlorure,https://tinyurl.com/y33w7sgv
Baryum Hydroxyde,https://tinyurl.com/y58uzlw6
Bleu De Bromophenol,https://tinyurl.com/y68w6v32
bleu de bromophenol en poudre,https://tinyurl.com/yb2e9dru
Bleu De Bromothymol,https://tinyurl.com/y68w6v32
bleu de bromthymol ,https://tinyurl.com/cwyeph7b
Bleu De Coomassie,https://tinyurl.com/y2ndd3v3
Bleu De Methylene,https://tinyurl.com/yyh5235n
Bleu De Methylene Eosine,https://tinyurl.com/y5r7xpcc
Bleu De Toluidine,https://tinyurl.com/y69yv7x2
Bleu de toluidine en poudre,https://tinyurl.com/e22fbskz
Butanol-1,https://tinyurl.com/y3d8mrjs
Butanone-2,https://tinyurl.com/y6h8go6b
Calcium Carbonate,https://tinyurl.com/yybs2z8k
Calcium Chlorure,https://tinyurl.com/y4xqsgb3
Calcium Hydroxyde,https://tinyurl.com/y2ag9w6d
Calcium Nitate,https://tinyurl.com/y3lx7ark
Calcium Phosphate Tricalcique,https://tinyurl.com/y39kltmg
Carmin 40,https://tinyurl.com/zdnpurxz
Carmin Acetique,https://tinyurl.com/yyjqxjcb
Carmin Alune ,https://tinyurl.com/4zmtbrfc
Carmin Alune De Grenacher,https://tinyurl.com/y2lcgk2f
Carmin Vert De Mirande,https://tinyurl.com/yydefbt5
Chaux Sodee,https://tinyurl.com/y3gpofzj
Cobalt Chlorure Hexahydrate,https://tinyurl.com/y5tenjcz
Colorant De Giemsa,https://tinyurl.com/yxmn2gfa
Colorant de panchrome laveran,
Cuivre 2 Chlorure Dihydrate,https://tinyurl.com/y45qhumg
Cuivre Bioxyde,
Cuivre Sulfate Penthahydrate,
Cuivre Tournure,
Cyclohexane,
Diacetone,
Diphenylamine,
Ecarlate (rouge) de crésol,https://tinyurl.com/497xruwy
EDTA,
Eosine,
Ethanol,
Ether De Petrole,
Fer 2 Sulfate Heptahydrate,
Fer Limaille,
Fer Phosphate,
Fructose,
Fuchsine Basique,
Fuchsine De Ziehl,
Fuchsine Pour Gram,
Galactose,
Gélose Lactosé Drigalski,https://tinyurl.com/y7969627
Gélose Vf,https://tinyurl.com/ecp89nnn
Glucose 1 Phosphate,
Glucose Monohydrate,
Glucose Oxydase,https://tinyurl.com/xpcesnnw
Glucose Oxydase,https://tinyurl.com/xpcesnnw
Glycerol,
Glycogene,
Guaiaol,
Heparine,
Hydrogene Peroxyde 110V,
Iode Bisublime,
Iode En Solution Pour Gram,
Lactase,https://tinyurl.com/5baerkcn
Lactase,https://tinyurl.com/5baerkcn
Lactase en comprimés,https://tinyurl.com/5baerkcn
Lactase en comprimés,https://tinyurl.com/5baerkcn
Lactose,
Levulose,
Magnesium Chlorure Hexahydrate,
Magnesium Sulfate Heptahydrate,
Maltose,
Mannitol,
Methanal,
Methanol,
Milieu Hugh Et Leifson,
Muller Et Hinton,
Naphtol 1,https://tinyurl.com/yut6ecbw
Ninhydrine,
Orange De Methyle,
Orceine B,
Pancreatine,
Pca,
Pepsine,
Peptone,
Phenolphtaleine,
Phenylhydrazine,
Plomb Acetate,
Plomb Grenaille,-
Potaassium Permanganate,https://tinyurl.com/y5c3gxaa
Potassium Bromure,
Potassium Chlorure,
Potassium Chromate,
Potassium Dichromate,
Potassium Dihydrogenophosphate,https://tinyurl.com/y4poga63
Potassium Hexacyanoferrate,https://tinyurl.com/yyawmccv
Potassium Hydroxyde,https://tinyurl.com/yyawmccv
Potassium Iodure,https://tinyurl.com/yylp4xy4
Potassium Nitrate,https://tinyurl.com/y34oj5mb
Potassium Sodium Tartrate,https://tinyurl.com/yywsb7pg
Potassium Sulfate,https://tinyurl.com/y5ck9dxt
Potassium Thiocyanate,https://tinyurl.com/y6ro9cwa
Propanol 2,https://tinyurl.com/yxw44oj5
Propanone,https://tinyurl.com/yxsbuckj
Pyrogallol,https://tinyurl.com/y4yto6pv
Réactif De Biuret,https://tinyurl.com/y272z9b7
Reactif De Fehling A,https://tinyurl.com/y5n964gp
Reactif De Fehling A-B,https://tinyurl.com/y2z3fd6v
Reactif De Fehling B,https://tinyurl.com/yykt3dtp
Reactif De Schiff,https://tinyurl.com/y5ek55zl
Reactif Nitromolybdique,https://tinyurl.com/y2h8kf4m
Rhodamine,https://tinyurl.com/y4h26yn3
Rouge Congo,https://tinyurl.com/y429pj8l
Rouge De Cresol,https://tinyurl.com/y5cyupkr
Rouge De Methyle,https://tinyurl.com/y3sw3cxa
rouge de methyle en poudre,https://tinyurl.com/seja5ut2
Rouge Neutre,https://tinyurl.com/y4c5c92c
Rouge Ponceau,https://tinyurl.com/y42zkcyv
Rouge Soudan,https://tinyurl.com/y3cfltrd
Saccharose,https://tinyurl.com/y5ql4wu2
Safranine T en solution pour gram,https://tinyurl.com/xpcesnnw
Serum Albumine Bovine,https://tinyurl.com/y3x8flmj
Sodium Carbonate Anhydre,https://tinyurl.com/y68k6fje
Sodium Chlorure,https://tinyurl.com/yxqr9up3
Sodium Citrate Dihydrate,https://tinyurl.com/yxgu5x8t
Sodium Cobaltnitrite,https://tinyurl.com/y5d6vk3a
Sodium Desoxycholate,https://tinyurl.com/yxcwkdcv
Sodium Ethanoate Anhydre,https://tinyurl.com/y4sseog6
Sodium Hydrogenocarbonate,https://tinyurl.com/y54xzsxy
Sodium Hydrogenophosphate Anhydre,https://tinyurl.com/y4ovqag9
Sodium Hydrogenophosphate Dodecahydrate,https://tinyurl.com/y2glv828
Sodium Hydroxyde En Ecailles,https://tinyurl.com/y4zmpw9a
Sodium Hydroxyde En Pastilles,https://tinyurl.com/y38pahwp
Sodium Laurylsulfate,https://tinyurl.com/y3wxq6j2
Sodium Pyruvate,https://tinyurl.com/y666gqyr
Sodium Sulfate Anhydre,https://tinyurl.com/y2n4qnjn
Sodium Sulfite Anhydre,https://tinyurl.com/yye65mw8
Sodium Thiosulfate Pentahydrate,https://tinyurl.com/yxjccorq
Solution de décoloration selon gram,
Soufre,https://tinyurl.com/y2lepz35
Tampon ph4,https://tinyurl.com/35a4mw6b
TAmpon ph7,https://tinyurl.com/35a4mw6b
Teinture De Tournesol,https://tinyurl.com/y3th4yao
Teinture de tournesol liquide,https://tinyurl.com/438bwrn9
Trichloromethane,https://tinyurl.com/yyknfj64
Tris Hydroxymethyle Aminomethane,https://tinyurl.com/yxscyxwf
Uree,https://tinyurl.com/4c8rcceb
Vanilline,https://tinyurl.com/y64rofko
Vert D'Iode,https://tinyurl.com/y29a467z
Vert d'iode en poudre,https://tinyurl.com/h4bude8c
Vert De Methyle,https://tinyurl.com/y6sgfqdg
Vert De Methyle Acetique,https://tinyurl.com/y29axc7g
Vert De Methyle Pyronine,https://tinyurl.com/yzkcbuua
vert lumiere,
Violet De Gentiane Phenique,https://tinyurl.com/y396xqko
Violet De Methyle,https://tinyurl.com/y4uv9wom
Xylene,https://tinyurl.com/y2nyjphy
Yeast,https://tinyurl.com/y4l2qkxf
Zinc En Genailles,https://tinyurl.com/y4zy43o2
Zinc Sulfate Heptahydrate,https://tinyurl.com/yxol48n8